{"name":"d4cd6c80-57c0-43a5-a0e6-a382566e8a3f","id":"/providers/Microsoft.Flow/flows/d4cd6c80-57c0-43a5-a0e6-a382566e8a3f","type":"Microsoft.Flow/flows","properties":{"apiId":"/providers/Microsoft.PowerApps/apis/shared_logicflows","displayName":"Text Analytics","definition":{"metadata":{"workflowEntityId":null,"processAdvisorMetadata":null,"flowclientsuspensionreason":"None","flowclientsuspensiontime":null,"creator":{"id":"5fbba43e-9420-4dd7-aee9-9769217868f4","type":"User","tenantId":"7fc0a064-8a1b-4aef-a1f6-e9f486721d49"},"provisioningMethod":"FromDefinition","failureAlertSubscription":true,"clientLastModifiedTime":"2022-01-22T06:34:47.9787591Z"},"$schema":"https://schema.management.azure.com/providers/Microsoft.Logic/schemas/2016-06-01/workflowdefinition.json#","contentVersion":"1.0.0.0","parameters":{"$connections":{"defaultValue":{},"type":"Object"},"$authentication":{"defaultValue":{},"type":"SecureObject"}},"triggers":{"manual":{"metadata":{"operationMetadataId":"41077fd3-b263-4608-873a-3dc3ca2d36a8"},"type":"Request","kind":"PowerApp","inputs":{"schema":{"type":"object","properties":{"DetectLanguage(V30)_documentstext-1":{"type":"string"}},"required":["DetectLanguage(V30)_documentstext-1"]}}}},"actions":{"Sentiment_(V3.0)":{"runAfter":{"Initialize_variable_6":["Succeeded"]},"metadata":{"operationMetadataId":"8e07fe0e-e89a-445c-b8fd-40db05521a0d","flowSystemMetadata":{"swaggerOperationId":"SentimentV3"}},"type":"ApiConnection","inputs":{"host":{"connection":{"name":"@json(decodeBase64(triggerOutputs().headers['X-MS-APIM-Tokens']))['$connections']['shared_cognitiveservicestextanalytics']['connectionId']"},"api":{"runtimeUrl":"https://india-001.azure-apim.net/apim/cognitiveservicestextanalytics"}},"method":"post","body":{"documents":[{"id":"@{guid()}","text":"@triggerBody()['DetectLanguage(V30)_documentstext-1']"}]},"path":"/text/analytics/v3.0/sentiment","authentication":{"type":"Raw","value":"@json(decodeBase64(triggerOutputs().headers['X-MS-APIM-Tokens']))['$ConnectionKey']"}}},"Apply_to_each":{"foreach":"@body('Sentiment_(V3.0)')['documents']","actions":{"Switch":{"runAfter":{},"cases":{"Case":{"case":"positive","actions":{"Set_variable":{"runAfter":{},"type":"SetVariable","inputs":{"name":"result_sentiment_score","value":"@{items('Apply_to_each')['confidenceScores']['positive']}"}},"Set_variable_2":{"runAfter":{"Set_variable":["Succeeded"]},"type":"SetVariable","inputs":{"name":"result_sentiment","value":"@items('Apply_to_each')['sentiment']"}}}},"Case_2":{"case":"negative","actions":{"Set_variable_3":{"runAfter":{},"type":"SetVariable","inputs":{"name":"result_sentiment_score","value":"@{items('Apply_to_each')['confidenceScores']['negative']}"}},"Set_variable_4":{"runAfter":{"Set_variable_3":["Succeeded"]},"type":"SetVariable","inputs":{"name":"result_sentiment","value":"@items('Apply_to_each')['sentiment']"}}}},"Case_3":{"case":"neutral","actions":{"Set_variable_5":{"runAfter":{},"type":"SetVariable","inputs":{"name":"result_sentiment_score","value":"@{items('Apply_to_each')['confidenceScores']['neutral']}"}},"Set_variable_6":{"runAfter":{"Set_variable_5":["Succeeded"]},"type":"SetVariable","inputs":{"name":"result_sentiment","value":"@items('Apply_to_each')['sentiment']"}}}}},"default":{"actions":{}},"expression":"@items('Apply_to_each')['sentiment']","metadata":{"operationMetadataId":"24ea3c17-a081-4189-9dfa-ef58811f056d"},"type":"Switch"}},"runAfter":{"Sentiment_(V3.0)":["Succeeded"]},"metadata":{"operationMetadataId":"df9a9c8a-fcf5-4dee-8536-12569a8e6e29"},"type":"Foreach"},"Initialize_variable":{"runAfter":{},"metadata":{"operationMetadataId":"cfc9360c-b94e-401e-b855-f73d544bcb06"},"type":"InitializeVariable","inputs":{"variables":[{"name":"result_sentiment_score","type":"string"}]}},"Initialize_variable_2":{"runAfter":{"Initialize_variable":["Succeeded"]},"metadata":{"operationMetadataId":"b7a41cf2-2c01-4704-84b6-63691dfdd99f"},"type":"InitializeVariable","inputs":{"variables":[{"name":"result_sentiment","type":"string"}]}},"Respond_to_a_PowerApp_or_flow":{"runAfter":{"Apply_to_each_5":["Succeeded"]},"metadata":{"operationMetadataId":"6547db19-8bf3-4474-9e81-5f0c983033ea"},"type":"Response","kind":"PowerApp","inputs":{"statusCode":200,"body":{"sentiment":"@variables('result_sentiment')","sentiment_score":"@variables('result_sentiment_score')","detected_language":"@variables('result_detected_language')","key_words":"@variables('result_keywords')","entites":"@variables('result_entites')","entity_linking":"@variables('result_entity_linking')"},"schema":{"type":"object","properties":{"sentiment":{"title":"Sentiment","x-ms-dynamically-added":true,"type":"string"},"sentiment_score":{"title":"Sentiment_Score","x-ms-dynamically-added":true,"type":"string"},"detected_language":{"title":"Detected_Language","x-ms-dynamically-added":true,"type":"string"},"key_words":{"title":"Key_words","x-ms-dynamically-added":true,"type":"string"},"entites":{"title":"Entites","x-ms-dynamically-added":true,"type":"string"},"entity_linking":{"title":"Entity_Linking","x-ms-dynamically-added":true,"type":"string"}}}}},"Detect_Language_(V3.0)":{"runAfter":{"Apply_to_each":["Succeeded"]},"metadata":{"operationMetadataId":"a7f602fe-6c5e-4269-bc36-ac6c124220c1","flowSystemMetadata":{"swaggerOperationId":"LanguagesV3"}},"type":"ApiConnection","inputs":{"host":{"connection":{"name":"@json(decodeBase64(triggerOutputs().headers['X-MS-APIM-Tokens']))['$connections']['shared_cognitiveservicestextanalytics']['connectionId']"},"api":{"runtimeUrl":"https://india-001.azure-apim.net/apim/cognitiveservicestextanalytics"}},"method":"post","body":{"documents":[{"id":"@{guid()}","text":"@triggerBody()['DetectLanguage(V30)_documentstext-1']"}]},"path":"/text/analytics/v3.0/languages","authentication":{"type":"Raw","value":"@json(decodeBase64(triggerOutputs().headers['X-MS-APIM-Tokens']))['$ConnectionKey']"}}},"Entity_Linking_(V3.0)":{"runAfter":{"Apply_to_each_2":["Succeeded"]},"metadata":{"operationMetadataId":"1196bcea-b2aa-4b92-b69b-9866c90c6fff","flowSystemMetadata":{"swaggerOperationId":"EntitiesLinkingV3"}},"type":"ApiConnection","inputs":{"host":{"connection":{"name":"@json(decodeBase64(triggerOutputs().headers['X-MS-APIM-Tokens']))['$connections']['shared_cognitiveservicestextanalytics']['connectionId']"},"api":{"runtimeUrl":"https://india-001.azure-apim.net/apim/cognitiveservicestextanalytics"}},"method":"post","body":{"documents":[{"id":"@{guid()}","text":"@triggerBody()['DetectLanguage(V30)_documentstext-1']"}]},"path":"/text/analytics/v3.0/entities/linking","authentication":{"type":"Raw","value":"@json(decodeBase64(triggerOutputs().headers['X-MS-APIM-Tokens']))['$ConnectionKey']"}}},"Key_Phrases_(V3.0)":{"runAfter":{"Entity_Linking_(V3.0)":["Succeeded"]},"metadata":{"operationMetadataId":"c2defada-c8e6-4566-9827-2d41f8b88a62","flowSystemMetadata":{"swaggerOperationId":"KeyPhraseV3"}},"type":"ApiConnection","inputs":{"host":{"connection":{"name":"@json(decodeBase64(triggerOutputs().headers['X-MS-APIM-Tokens']))['$connections']['shared_cognitiveservicestextanalytics']['connectionId']"},"api":{"runtimeUrl":"https://india-001.azure-apim.net/apim/cognitiveservicestextanalytics"}},"method":"post","body":{"documents":[{"id":"@{guid()}","text":"@triggerBody()['DetectLanguage(V30)_documentstext-1']"}]},"path":"/text/analytics/v3.0/keyPhrases","authentication":{"type":"Raw","value":"@json(decodeBase64(triggerOutputs().headers['X-MS-APIM-Tokens']))['$ConnectionKey']"}}},"Named_Entity_Recognition_(V3.0)":{"runAfter":{"Key_Phrases_(V3.0)":["Succeeded"]},"metadata":{"operationMetadataId":"7d6b3563-9008-47e4-9aee-03f2a68195ed","flowSystemMetadata":{"swaggerOperationId":"EntitiesRecognitionGeneralV3"}},"type":"ApiConnection","inputs":{"host":{"connection":{"name":"@json(decodeBase64(triggerOutputs().headers['X-MS-APIM-Tokens']))['$connections']['shared_cognitiveservicestextanalytics']['connectionId']"},"api":{"runtimeUrl":"https://india-001.azure-apim.net/apim/cognitiveservicestextanalytics"}},"method":"post","body":{"documents":[{"id":"@{guid()}","text":"@triggerBody()['DetectLanguage(V30)_documentstext-1']"}]},"path":"/text/analytics/v3.0/entities/recognition/general","authentication":{"type":"Raw","value":"@json(decodeBase64(triggerOutputs().headers['X-MS-APIM-Tokens']))['$ConnectionKey']"}}},"Initialize_variable_3":{"runAfter":{"Initialize_variable_2":["Succeeded"]},"metadata":{"operationMetadataId":"08ca0d70-9d05-4962-ad4b-e2c512367a25"},"type":"InitializeVariable","inputs":{"variables":[{"name":"result_detected_language","type":"string"}]}},"Apply_to_each_2":{"foreach":"@body('Detect_Language_(V3.0)')['documents']","actions":{"Set_variable_7":{"runAfter":{},"metadata":{"operationMetadataId":"4ac8527a-cb81-4117-b2a0-a7a64e844bde"},"type":"SetVariable","inputs":{"name":"result_detected_language","value":"@items('Apply_to_each_2')['detectedLanguage']['name']"}}},"runAfter":{"Detect_Language_(V3.0)":["Succeeded"]},"metadata":{"operationMetadataId":"51db5dff-8506-4574-9409-7f9e8d15c1be"},"type":"Foreach"},"Apply_to_each_3":{"foreach":"@body('Key_Phrases_(V3.0)')['documents']","actions":{"Compose":{"runAfter":{},"metadata":{"operationMetadataId":"91f45cf6-798c-4b3d-b8ca-c7c9bc5ec57e"},"type":"Compose","inputs":"@items('Apply_to_each_3')['keyPhrases']"},"Append_to_string_variable":{"runAfter":{"Compose":["Succeeded"]},"metadata":{"operationMetadataId":"53a24783-c10a-408e-b22d-f9090a1a0fd3"},"type":"AppendToStringVariable","inputs":{"name":"result_keywords","value":"@join(outputs('Compose'),', '  )"}}},"runAfter":{"Named_Entity_Recognition_(V3.0)":["Succeeded"]},"metadata":{"operationMetadataId":"6a16570e-a07a-4fdc-b798-a3f4f9d1ada1"},"type":"Foreach"},"Initialize_variable_4":{"runAfter":{"Initialize_variable_3":["Succeeded"]},"metadata":{"operationMetadataId":"a1806323-8c8d-403c-a99b-e503bd65c474"},"type":"InitializeVariable","inputs":{"variables":[{"name":"result_keywords","type":"string"}]}},"Apply_to_each_4":{"foreach":"@body('Named_Entity_Recognition_(V3.0)')['documents']","actions":{"Create_HTML_table":{"runAfter":{},"metadata":{"operationMetadataId":"01736a71-56be-4622-a4c0-5cc912360b00"},"type":"Table","inputs":{"from":"@items('Apply_to_each_4')['entities']","format":"HTML","columns":[{"header":"Text","value":"@item()['text']"},{"header":"Category","value":"@item()['category']"},{"header":"Sub-Category","value":"@item()?['subcategory']"}]}},"Append_to_string_variable_2":{"runAfter":{"Compose_6":["Succeeded"]},"metadata":{"operationMetadataId":"d2908be5-3f19-4895-a90e-88bc88014570"},"type":"AppendToStringVariable","inputs":{"name":"result_entites","value":"@outputs('Compose_6')"}},"Compose_3":{"runAfter":{"Create_HTML_table":["Succeeded"]},"metadata":{"operationMetadataId":"ebc5f835-8ac9-47b5-b321-cd0483373fdd"},"type":"Compose","inputs":"@replace(body('Create_HTML_table'), '<table>', '<table style=\"border-collapse: collapse;font-size: 13px;font-family: open-sans;min-width: 700px;box-shadow: 0 0 20px rgba(0, 0, 0, 0.15);\">')"},"Compose_4":{"runAfter":{"Compose_3":["Succeeded"]},"metadata":{"operationMetadataId":"e96934ee-58ef-4db3-b868-a00da35aca29"},"type":"Compose","inputs":"@replace(outputs('Compose_3'), '<tr>', '<tr style=\"border-bottom: 1px solid #dddddd;\">')"},"Compose_5":{"runAfter":{"Compose_4":["Succeeded"]},"metadata":{"operationMetadataId":"ae9865d8-7e43-4f74-af3d-16e29f6ccff1"},"type":"Compose","inputs":"@replace(outputs('Compose_4'), '<th>', '<th style=\"background-color: #6D31A2;color:#ffffff;border:1px solid #fff;text-align:left;padding: 8px 12px;\">')"},"Compose_6":{"runAfter":{"Compose_5":["Succeeded"]},"metadata":{"operationMetadataId":"a364c740-80aa-4054-9691-48601d807293"},"type":"Compose","inputs":"@replace(outputs('Compose_5'), '<td>', '<td style=\"padding: 8px 12px;border:1px solid #ddd;\">')"}},"runAfter":{"Apply_to_each_3":["Succeeded"]},"metadata":{"operationMetadataId":"16ef6b3b-e758-46a8-acfb-0cebbad01ca5"},"type":"Foreach"},"Initialize_variable_5":{"runAfter":{"Initialize_variable_4":["Succeeded"]},"metadata":{"operationMetadataId":"09b3a060-dd9e-43e9-8f7c-a39c0878ef6c"},"type":"InitializeVariable","inputs":{"variables":[{"name":"result_entites","type":"string"}]}},"Initialize_variable_6":{"runAfter":{"Initialize_variable_5":["Succeeded"]},"metadata":{"operationMetadataId":"a6b38dc6-01c5-4a1c-941f-f0ddfb09014c"},"type":"InitializeVariable","inputs":{"variables":[{"name":"result_entity_linking","type":"string"}]}},"Apply_to_each_5":{"foreach":"@body('Entity_Linking_(V3.0)')['documents']","actions":{"Compose_2":{"runAfter":{},"metadata":{"operationMetadataId":"f048e157-41ab-433c-a4c4-cb45e65dc374"},"type":"Compose","inputs":"@items('Apply_to_each_5')['entities']"},"Create_HTML_table_2":{"runAfter":{"Compose_2":["Succeeded"]},"metadata":{"operationMetadataId":"d4bc20b6-b125-4639-8478-e185c73ac057"},"type":"Table","inputs":{"from":"@items('Apply_to_each_5')['entities']","format":"HTML","columns":[{"header":"Name","value":"@item()['name']"},{"header":"Datasource","value":"@item()['dataSource']"},{"header":"URL","value":"@concat('<a style=\"color:blue;\" href=\"',item()['url'],'\">',item()['url'],'</a>')"}]}},"Append_to_string_variable_3":{"runAfter":{"Compose_7":["Succeeded"]},"metadata":{"operationMetadataId":"5225b460-2e0c-43fa-aabe-a430fd2d5039"},"type":"AppendToStringVariable","inputs":{"name":"result_entity_linking","value":"@outputs('Compose_7')"}},"replace_table_css_2":{"runAfter":{"Create_HTML_table_2":["Succeeded"]},"metadata":{"operationMetadataId":"fe526a57-3544-4122-b72d-756396a46a26"},"type":"Compose","inputs":"@replace(body('Create_HTML_table_2'), '<table>', '<table style=\"border-collapse: collapse;font-size: 13px;font-family: open-sans;min-width: 660px;box-shadow: 0 0 20px rgba(0, 0, 0, 0.15);\">')"},"replace_tr_css_2":{"runAfter":{"replace_table_css_2":["Succeeded"]},"metadata":{"operationMetadataId":"fe526a57-3544-4122-b72d-756396a46a26"},"type":"Compose","inputs":"@replace(outputs('replace_table_css_2'), '<tr>', '<tr style=\"border-bottom: 1px solid #dddddd;\">')"},"replace_th_css_2":{"runAfter":{"replace_tr_css_2":["Succeeded"]},"metadata":{"operationMetadataId":"fe526a57-3544-4122-b72d-756396a46a26"},"type":"Compose","inputs":"@replace(outputs('replace_tr_css_2'), '<th>', '<th style=\"background-color: #6D31A2;color:#ffffff;border:1px solid #fff;text-align:left;padding: 8px 12px;\">')"},"replace_td_css_2":{"runAfter":{"replace_th_css_2":["Succeeded"]},"metadata":{"operationMetadataId":"fe526a57-3544-4122-b72d-756396a46a26"},"type":"Compose","inputs":"@replace(outputs('replace_th_css_2'), '<td>', '<td style=\"padding: 8px 12px;border:1px solid #ddd;\">')"},"Compose_7":{"runAfter":{"replace_td_css_2":["Succeeded"]},"metadata":{"operationMetadataId":"7ce772f8-5408-4510-8998-2d88ea0aec3f"},"type":"Compose","inputs":"@replace(replace(replace(outputs('replace_td_css_2'), '&lt;', '<'), '&gt;', '>'),'&quot;','\"')"}},"runAfter":{"Apply_to_each_4":["Succeeded"]},"metadata":{"operationMetadataId":"03c34609-6447-4f7f-abb0-c37e8029c107"},"type":"Foreach"}},"outputs":{},"description":""},"connectionReferences":{"shared_cognitiveservicestextanalytics":{"connectionName":"9fd92d6a3fa84e2286ea0d6b3c8953d7","source":"Invoker","id":"/providers/Microsoft.PowerApps/apis/shared_cognitiveservicestextanalytics","tier":"NotSpecified"}},"flowFailureAlertSubscribed":false}}